Dates;US10Y;CorePCE;Unemployment;FedFunds;ED2;ED6
30/06/1986;7.321;3.47487;7.2;6.88;77.899;75.951
31/07/1986;7.275;3.35909;7;6.38;78.268;75.477
31/08/1986;6.919;3.06802;6.9;5.88;78.939;75.837
30/09/1986;7.421;3.19417;7;5.88;78.587;75.362
31/10/1986;7.321;3.37644;7;5.88;78.796;75.608
30/11/1986;7.136;3.3425;6.9;5.88;78.88;75.902
31/12/1986;7.223;3.19456;6.6;6;78.754;76.074
31/01/1987;7.178;2.88472;6.6;6;78.679;76.237
28/02/1987;7.159;2.82472;6.6;6;78.595;76.287
31/03/1987;7.537;2.81614;6.6;6;78.301;76.057
30/04/1987;8.179;3.06546;6.3;6.5;77.446;75.114
31/05/1987;8.463;3.17915;6.3;6.75;77.337;74.885
30/06/1987;8.367;3.15345;6.2;6.75;77.731;75.163
31/07/1987;8.652;3.232;6.1;6.75;77.731;75.016
31/08/1987;8.967;3.36667;6;6.75;77.529;74.769
30/09/1987;9.587;3.43586;5.9;7.25;77.014;74.243
31/10/1987;8.875;3.52916;6;6.88;78.03;74.803
30/11/1987;8.972;3.5252;5.8;6.88;78.123;75.009
31/12/1987;8.859;3.61103;5.7;6.88;78.217;75.034
31/01/1988;8.256;3.85152;5.7;6.63;78.692;75.644
29/02/1988;8.149;3.85795;5.7;6.5;78.896;75.875
31/03/1988;8.542;3.99423;5.7;6.75;78.641;75.569
30/04/1988;8.889;4.05791;5.4;6.75;78.309;75.388
31/05/1988;9.151;4.12164;5.6;7.25;78.02;75.115
30/06/1988;8.873;4.27395;5.4;7.5;78.343;75.379
31/07/1988;9.105;4.42966;5.4;7.75;77.907;75.082
31/08/1988;9.236;4.33692;5.6;8.25;77.583;74.842
30/09/1988;8.935;4.48355;5.4;8.25;77.959;75.181
31/10/1988;8.644;4.43357;5.4;8.25;78.172;75.495
30/11/1988;9.054;4.50138;5.3;8.38;77.703;75.115
31/12/1988;9.137;4.62696;5.3;8.75;77.31;74.775
31/01/1989;8.98;4.66307;5.4;8.75;77.199;74.891
28/02/1989;9.295;4.71291;5.2;9.75;76.38;74.618
31/03/1989;9.275;4.57957;5;9.75;76.021;74.312
30/04/1989;9.053;4.42287;5.2;9.75;76.976;74.717
31/05/1989;8.6;4.37932;5.2;9.75;77.539;75.081
30/06/1989;8.077;4.21397;5.3;9.63;78.008;75.618
31/07/1989;7.804;4.05887;5.2;9;78.476;76.023
31/08/1989;8.251;3.94765;5.2;9;77.701;75.329
30/09/1989;8.286;3.75003;5.3;9;77.557;75.32
31/10/1989;7.909;3.73256;5.3;8.5;78.177;75.841
30/11/1989;7.826;3.72398;5.4;8.5;78.339;75.941
31/12/1989;7.935;3.67575;5.4;8.25;78.152;75.907
31/01/1990;8.418;3.54995;5.4;8.25;77.677;75.46
28/02/1990;8.515;3.79065;5.3;8.25;77.669;75.46
31/03/1990;8.628;3.97653;5.2;8.25;77.423;75.278
30/04/1990;9.022;3.9391;5.4;8.25;77.194;74.988
31/05/1990;8.599;3.945;5.4;8.25;77.754;75.493
30/06/1990;8.412;4.07401;5.2;8.25;78.017;75.825
31/07/1990;8.341;4.06992;5.5;8;78.349;76.124
31/08/1990;8.846;4.35463;5.7;8;78.238;75.841
30/09/1990;8.795;4.35868;5.9;8;78.162;75.85
31/10/1990;8.617;4.33501;5.9;7.75;78.442;76.116
30/11/1990;8.252;4.18286;6.2;7.5;78.425;76.506
31/12/1990;8.067;4.03234;6.3;7;78.824;76.714
31/01/1991;8.007;4.15031;6.4;6.75;78.918;76.831
28/02/1991;8.033;3.93183;6.6;6.25;79.138;76.839
31/03/1991;8.061;3.65188;6.8;6;79.368;76.831
30/04/1991;8.013;3.54956;6.7;5.75;79.751;76.923
31/05/1991;8.059;3.64693;6.9;5.75;79.742;77.148
30/06/1991;8.227;3.46814;6.9;5.75;79.7;76.94
31/07/1991;8.147;3.52076;6.8;5.75;80.06;77.099
31/08/1991;7.816;3.37625;6.9;5.5;80.523;77.711
30/09/1991;7.445;3.42847;6.9;5.25;80.917;78.265
31/10/1991;7.46;3.30448;7;5;81.268;78.592
30/11/1991;7.376;3.37332;7;4.75;81.611;79.004
31/12/1991;6.699;3.48373;7.3;4;82.211;79.652
31/01/1992;7.274;3.25095;7.3;4;81.997;79.036
29/02/1992;7.25;3.24651;7.4;4;81.988;79.154
31/03/1992;7.528;3.28924;7.4;4;81.973;78.776
30/04/1992;7.583;3.4219;7.4;3.75;82.283;79.182
31/05/1992;7.318;3.15483;7.6;3.75;82.525;79.622
30/06/1992;7.121;3.01415;7.8;3.75;82.958;80.09
31/07/1992;6.709;3.08806;7.7;3.25;83.392;80.627
31/08/1992;6.604;2.90063;7.6;3.25;83.635;80.993
30/09/1992;6.354;2.65628;7.6;3;84.052;81.351
31/10/1992;6.789;2.82539;7.3;3;83.644;80.813
30/11/1992;6.937;2.85827;7.4;3;83.383;80.479
31/12/1992;6.686;2.79563;7.4;3;83.714;80.873
31/01/1993;6.359;2.8143;7.3;3;84.203;81.448
28/02/1993;6.02;2.73245;7.1;3;84.342;81.877
31/03/1993;6.024;2.69804;7;3;84.421;81.92
30/04/1993;6.009;2.66026;7.1;3;84.596;82.204
31/05/1993;6.149;2.86321;7.1;3;84.342;81.808
30/06/1993;5.776;2.8812;7;3;84.562;82.222
31/07/1993;5.807;2.7078;6.9;3;84.579;82.171
31/08/1993;5.448;2.80449;6.8;3;84.79;82.594
30/09/1993;5.382;2.79133;6.7;3;84.826;82.68
31/10/1993;5.427;2.56763;6.8;3;84.826;82.646
30/11/1993;5.819;2.60624;6.6;3;84.746;82.412
31/12/1993;5.794;2.46187;6.5;3;84.835;82.386
31/01/1994;5.642;2.24746;6.6;3;85.011;82.603
28/02/1994;6.129;2.2715;6.6;3.25;84.561;82.092
31/03/1994;6.738;2.3995;6.5;3.5;84.287;81.51
30/04/1994;7.042;2.25437;6.4;3.75;83.826;81.145
31/05/1994;7.147;2.13717;6.1;4.25;83.782;81.023
30/06/1994;7.32;2.26567;6.1;4.25;83.807;80.927
31/07/1994;7.111;2.26798;6.1;4.25;84.111;81.197
31/08/1994;7.173;2.19246;6;4.75;84.119;81.154
30/09/1994;7.603;2.19476;5.9;4.75;83.905;80.744
31/10/1994;7.807;2.265;5.8;4.75;83.851;80.535
30/11/1994;7.906;2.18969;5.6;5.5;83.358;80.116
31/12/1994;7.822;2.17899;5.5;5.5;82.972;79.837
31/01/1995;7.581;2.3508;5.6;5.5;83.739;80.317
28/02/1995;7.201;2.29726;5.4;6;84.316;80.892
31/03/1995;7.196;2.19967;5.4;6;84.298;80.874
30/04/1995;7.055;2.28325;5.8;6;84.578;81.153
31/05/1995;6.284;2.23001;5.6;6;85.166;82.034
30/06/1995;6.203;2.09194;5.6;6;85.256;82.095
31/07/1995;6.426;2.03961;5.7;5.75;85.238;81.955
31/08/1995;6.284;2.16868;5.7;5.75;85.211;82.06
30/09/1995;6.182;2.14899;5.6;5.75;85.166;82.13
31/10/1995;6.02;2.15759;5.5;5.75;85.311;82.357
30/11/1995;5.741;2.03665;5.6;5.75;85.473;82.733
31/12/1995;5.572;2.14477;5.6;5.5;85.5;82.916
31/01/1996;5.58;2.00649;5.6;5.25;85.698;83.179
29/02/1996;6.098;1.97343;5.5;5.25;85.356;82.584
31/03/1996;6.327;1.95776;5.5;5.25;85.257;82.173
30/04/1996;6.67;1.86159;5.6;5.25;85.104;81.91
31/05/1996;6.852;1.86379;5.6;5.25;85.013;81.735
30/06/1996;6.711;1.85411;5.3;5.25;85.159;81.937
31/07/1996;6.794;1.88475;5.5;5.25;85.068;81.884
31/08/1996;6.943;1.72892;5.1;5.25;85.095;81.787
30/09/1996;6.703;1.90184;5.2;5.25;85.322;82.077
31/10/1996;6.339;1.89588;5.2;5.25;85.657;82.481
30/11/1996;6.044;1.964;5.4;5.25;85.757;82.691
31/12/1996;6.418;1.86139;5.4;5.25;85.612;82.393
31/01/1997;6.494;1.85397;5.3;5.25;85.612;82.366
28/02/1997;6.552;1.92992;5.2;5.25;85.548;82.235
31/03/1997;6.903;1.93873;5.2;5.5;85.28;81.874
30/04/1997;6.718;1.99827;5.1;5.5;85.453;82.068
31/05/1997;6.659;1.89574;4.9;5.5;85.571;82.182
30/06/1997;6.5;1.96822;5;5.5;85.635;82.305
31/07/1997;6.011;1.8446;4.9;5.5;85.922;82.701
31/08/1997;6.339;1.71796;4.9;5.5;85.808;82.472
30/09/1997;6.103;1.62091;4.9;5.5;85.886;82.613
31/10/1997;5.831;1.53457;4.7;5.5;86.018;82.789
30/11/1997;5.874;1.43188;4.6;5.5;85.927;82.754
31/12/1997;5.742;1.45092;4.7;5.5;85.986;82.86
31/01/1998;5.505;1.49901;4.6;5.5;86.26;83.221
28/02/1998;5.622;1.37736;4.6;5.5;86.118;83.027
31/03/1998;5.654;1.24276;4.7;5.5;86.041;82.939
30/04/1998;5.671;1.23127;4.3;5.5;86.041;82.948
31/05/1998;5.552;1.25631;4.3;5.5;86.082;83.027
30/06/1998;5.446;0.97999;4.5;5.5;86.086;83.089
31/07/1998;5.494;1.19669;4.5;5.5;86.086;83.054
31/08/1998;4.976;1.43399;4.5;5.5;86.406;83.468
30/09/1998;4.42;1.2063;4.6;5.25;86.871;84.156
31/10/1998;4.605;1.2496;4.5;5;87.026;84.271
30/11/1998;4.714;1.23762;4.4;4.75;86.73;83.795
31/12/1998;4.648;1.35287;4.4;4.75;86.625;83.821
31/01/1999;4.651;1.34307;4.3;4.75;86.63;83.808
28/02/1999;5.287;1.2224;4.4;4.75;86.375;83.221
31/03/1999;5.242;1.14534;4.2;4.75;86.548;83.389
30/04/1999;5.348;1.21885;4.3;4.75;86.498;83.358
31/05/1999;5.622;1.21767;4.2;4.75;86.297;82.982
30/06/1999;5.78;1.39741;4.3;5;86.238;82.925
31/07/1999;5.903;1.29503;4.3;5;86.146;82.624
31/08/1999;5.97;1.14578;4.2;5.25;86.073;82.62
30/09/1999;5.877;1.43184;4.2;5.25;86.279;82.894
31/10/1999;6.024;1.4074;4.1;5.25;86.169;82.828
30/11/1999;6.191;1.48609;4.1;5.5;86.105;82.633
31/12/1999;6.442;1.44032;4;5.5;85.839;82.39
31/01/2000;6.665;1.53727;4;5.5;85.637;82.004
29/02/2000;6.409;1.7232;4.1;5.75;85.752;82.137
31/03/2000;6.004;1.90039;4;6;85.669;82.173
30/04/2000;6.212;1.70687;3.8;6;85.517;82.088
31/05/2000;6.272;1.71787;4;6.5;85.356;81.942
30/06/2000;6.031;1.74227;4;6.5;85.65;82.323
31/07/2000;6.031;1.79087;4;6.5;85.761;82.412
31/08/2000;5.725;1.87201;4.1;6.5;85.936;82.589
30/09/2000;5.802;1.84945;3.9;6.5;86.065;82.873
31/10/2000;5.751;1.81866;3.9;6.5;86.088;82.922
30/11/2000;5.468;1.901;3.9;6.5;86.282;83.25
31/12/2000;5.112;1.87103;3.9;6.5;86.672;83.671
31/01/2001;5.114;2.00658;4.2;5.5;87.333;84.03
28/02/2001;4.896;2.0348;4.2;5.5;87.471;84.189
31/03/2001;4.917;1.93223;4.3;5;87.769;84.402
30/04/2001;5.338;2.02681;4.4;4.5;87.861;84.225
31/05/2001;5.381;1.94133;4.3;4;88.173;84.26
30/06/2001;5.412;2.0927;4.5;3.75;88.127;84.259
31/07/2001;5.054;2.12264;4.6;3.75;88.6;84.924
31/08/2001;4.832;2.04192;4.9;3.5;88.844;85.178
30/09/2001;4.588;1.21799;5;3;89.649;85.79
31/10/2001;4.232;1.78741;5.3;2.5;90.072;86.403
30/11/2001;4.752;1.81382;5.5;2;90.132;85.781
31/12/2001;5.051;1.73825;5.7;1.75;90.294;85.585
31/01/2002;5.033;1.41925;5.7;1.75;90.225;85.909
28/02/2002;4.877;1.43266;5.7;1.75;90.414;86.161
31/03/2002;5.396;1.44828;5.7;1.75;90.039;85.517
30/04/2002;5.0847;1.57045;5.9;1.75;90.705;86.127
31/05/2002;5.0427;1.66036;5.8;1.75;90.919;86.33
30/06/2002;4.7965;1.59335;5.8;1.75;91.338;86.714
31/07/2002;4.4588;1.53705;5.8;1.75;91.722;87.626
31/08/2002;4.1409;1.68798;5.7;1.75;91.796;88.011
30/09/2002;3.5942;2.43473;5.7;1.75;92.147;88.511
31/10/2002;3.8925;1.8045;5.7;1.75;92.208;88.643
30/11/2002;4.2052;1.69805;5.9;1.25;92.171;88.224
31/12/2002;3.816;1.769;6;1.25;92.419;89.054
31/01/2003;3.9625;1.78006;5.8;1.25;92.466;89.018
28/02/2003;3.6897;1.72724;5.9;1.25;92.527;89.41
31/03/2003;3.796;1.76855;5.9;1.25;92.686;89.488
30/04/2003;3.8359;1.59783;6;1.25;92.7;89.722
31/05/2003;3.3699;1.63085;6.1;1.25;92.752;90.135
30/06/2003;3.5133;1.52762;6.3;1;92.766;90.111
31/07/2003;4.4055;1.57475;6.2;1;92.616;89.357
31/08/2003;4.4636;1.48931;6.1;1;92.658;89.247
30/09/2003;3.9376;1.46544;6.1;1;92.827;90.08
31/10/2003;4.2927;1.56539;6;1;92.658;89.623
30/11/2003;4.3316;1.60548;5.8;1;92.625;89.522
31/12/2003;4.2455;1.63845;5.7;1;92.789;89.923
31/01/2004;4.1319;1.82848;5.7;1;92.855;90.021
29/02/2004;3.9711;1.85324;5.6;1;92.978;90.41
31/03/2004;3.8348;1.86093;5.8;1;93.025;90.642
30/04/2004;4.5053;2.01258;5.6;1;92.638;89.73
31/05/2004;4.6468;2.00496;5.6;1;92.445;89.577
30/06/2004;4.5806;2.10886;5.6;1.25;92.531;89.568
31/07/2004;4.4747;1.97648;5.5;1.25;92.679;89.769
31/08/2004;4.1167;1.90018;5.4;1.5;92.854;90.314
30/09/2004;4.1194;1.948;5.4;1.75;92.731;90.268
31/10/2004;4.0235;1.98312;5.5;1.75;92.759;90.455
30/11/2004;4.3492;2.06234;5.4;2;92.417;90.006
31/12/2004;4.2182;2.0656;5.4;2.25;92.364;90.071
31/01/2005;4.128;2.1711;5.3;2.25;92.273;89.926
28/02/2005;4.3766;2.17457;5.4;2.5;92.097;89.631
31/03/2005;4.4815;2.25577;5.2;2.75;91.987;89.421
30/04/2005;4.1976;2.1085;5.2;2.75;92.207;89.721
31/05/2005;3.981;2.17738;5.1;3;92.217;89.908
30/06/2005;3.913;2.0861;5;3.25;92.145;89.964
31/07/2005;4.276;2.11479;5;3.25;91.862;89.538
31/08/2005;4.0137;2.15898;4.9;3.5;92.039;89.819
30/09/2005;4.324;2.19412;5;3.75;91.679;89.472
31/10/2005;4.5506;2.26406;5;3.75;91.502;89.247
30/11/2005;4.484;2.30622;5;4;91.453;89.285
31/12/2005;4.3911;2.28036;4.9;4.25;91.458;89.317
31/01/2006;4.5152;2.14322;4.7;4.5;91.381;89.242
28/02/2006;4.551;2.13855;4.8;4.5;91.242;89.12
31/03/2006;4.8472;2.16736;4.7;4.75;91.112;88.928
30/04/2006;5.0505;2.36125;4.7;4.75;91.136;88.886
31/05/2006;5.1186;2.40855;4.6;5;90.958;88.727
30/06/2006;5.1364;2.59595;4.6;5.25;90.8;88.624
31/07/2006;4.9794;2.54578;4.7;5.25;90.939;88.9
31/08/2006;4.7258;2.67023;4.7;5.25;91.04;89.153
30/09/2006;4.6276;2.60572;4.5;5.25;91.136;89.228
31/10/2006;4.5981;2.49713;4.4;5.25;91.093;89.275
30/11/2006;4.4581;2.2845;4.5;5.25;91.122;89.401
31/12/2006;4.7022;2.31574;4.4;5.25;90.925;89.106
31/01/2007;4.808;2.50047;4.6;5.25;90.815;88.91
28/02/2007;4.5657;2.55669;4.5;5.25;90.963;89.252
31/03/2007;4.6443;2.37836;4.4;5.25;90.891;89.298
30/04/2007;4.6222;2.21141;4.5;5.25;90.772;89.308
31/05/2007;4.8879;2.07645;4.4;5.25;90.642;88.83
30/06/2007;5.0244;1.98736;4.6;5.25;90.705;88.774
31/07/2007;4.7388;2.04053;4.7;5.25;90.887;89.116
31/08/2007;4.5292;1.98578;4.6;5.25;91.04;89.355
30/09/2007;4.5865;2.10237;4.7;4.75;91.083;89.608
31/10/2007;4.4708;2.18411;4.7;4.5;91.107;89.645
30/11/2007;3.9379;2.33539;4.7;4.5;91.417;90.475
31/12/2007;4.0232;2.40451;5;4.25;91.473;90.55
31/01/2008;3.5931;2.19313;5;3;92.666;91.071
29/02/2008;3.5092;2.07202;4.9;3;92.789;91.559
31/03/2008;3.4096;2.16881;5.1;2.25;92.927;91.615
30/04/2008;3.7279;2.08326;5;2;92.362;90.891
31/05/2008;4.0595;2.14907;5.4;2;92.22;90.463
30/06/2008;3.969;2.21479;5.6;2;92.26;90.431
31/07/2008;3.9462;2.24495;5.8;2;92.436;90.643
31/08/2008;3.8116;2.21789;6.1;2;92.455;90.897
30/09/2008;3.8234;2.04402;6.1;2;92.35;91.025
31/10/2008;3.953;1.63419;6.5;1;93.06;91.648
30/11/2008;2.92;1.39004;6.8;1;93.345;92.455
31/12/2008;2.2123;1.13715;7.3;0.25;94.14;92.937
31/01/2009;2.8403;0.90557;7.8;0.25;94.011;92.724
28/02/2009;3.0131;0.88764;8.3;0.25;93.973;92.8
31/03/2009;2.6629;0.76254;8.7;0.25;94.207;93.202
30/04/2009;3.1187;0.92897;9;0.25;94.302;93.013
31/05/2009;3.4594;0.82224;9.4;0.25;94.55;93.169
30/06/2009;3.5326;0.7198;9.5;0.25;94.736;92.91
31/07/2009;3.4796;0.62552;9.5;0.25;94.922;93.029
31/08/2009;3.3975;0.65114;9.6;0.25;95.161;93.276
30/09/2009;3.3053;0.72428;9.8;0.25;95.195;93.452
31/10/2009;3.3828;1.23945;10;0.25;95.31;93.638
30/11/2009;3.1978;1.37414;9.9;0.25;95.425;94.101
31/12/2009;3.8368;1.51008;9.9;0.25;95.348;93.574
31/01/2010;3.5844;1.69024;9.8;0.25;95.612;94.116
28/02/2010;3.6117;1.69841;9.8;0.25;95.665;94.336
31/03/2010;3.8257;1.7774;9.9;0.25;95.694;94.293
30/04/2010;3.6532;1.60177;9.9;0.25;95.622;94.481
31/05/2010;3.2848;1.63633;9.6;0.25;95.396;94.692
30/06/2010;2.9311;1.55648;9.4;0.25;95.578;95.154
31/07/2010;2.9052;1.47008;9.4;0.25;95.891;95.463
31/08/2010;2.4683;1.41757;9.5;0.25;95.92;95.607
30/09/2010;2.5098;1.29787;9.5;0.25;96.022;95.767
31/10/2010;2.5993;1.07933;9.4;0.25;96.065;95.975
30/11/2010;2.7968;1.12109;9.8;0.25;95.863;95.719
31/12/2010;3.2935;1.05559;9.3;0.25;96.138;95.608
31/01/2011;3.3704;1.12473;9.1;0.25;96.152;95.685
28/02/2011;3.4272;1.21306;9;0.25;96.21;95.608
31/03/2011;3.4703;1.21436;9;0.25;96.2;95.578
30/04/2011;3.2863;1.39514;9.1;0.25;96.302;95.991
31/05/2011;3.0607;1.52405;9;0.25;96.326;96.292
30/06/2011;3.16;1.58539;9.1;0.25;96.311;96.272
31/07/2011;2.7961;1.73439;9;0.25;96.239;96.608
31/08/2011;2.2234;1.83922;9;0.25;96.229;96.832
30/09/2011;1.9154;1.85057;9;0.25;96.166;96.744
31/10/2011;2.1133;1.7446;8.8;0.25;96.205;96.773
30/11/2011;2.068;1.82785;8.6;0.25;96.157;96.666
31/12/2011;1.8762;1.97581;8.5;0.25;96.108;96.588
31/01/2012;1.7971;2.061;8.3;0.25;96.345;96.822
29/02/2012;1.9705;2.02457;8.3;0.25;96.355;96.744
31/03/2012;2.2088;2.04406;8.2;0.25;96.35;96.764
30/04/2012;1.9137;1.96476;8.2;0.25;96.341;96.856
31/05/2012;1.5578;1.82547;8.2;0.25;96.287;96.788
30/06/2012;1.6449;1.8194;8.2;0.25;96.37;96.866
31/07/2012;1.4679;1.774;8.2;0.25;96.5;97.017
31/08/2012;1.5484;1.63545;8.1;0.25;96.515;97.056
30/09/2012;1.6335;1.69216;7.8;0.25;96.544;97.095
31/10/2012;1.6901;1.88909;7.8;0.25;96.549;97.066
30/11/2012;1.6156;1.78391;7.7;0.25;96.549;97.1
31/12/2012;1.7574;1.68903;7.9;0.25;96.558;97.08
31/01/2013;1.9849;1.59435;8;0.25;96.554;97.022
28/02/2013;1.8756;1.57503;7.7;0.25;96.573;97.11
31/03/2013;1.8486;1.49606;7.5;0.25;96.539;97.095
30/04/2013;1.6717;1.42061;7.6;0.25;96.617;97.193
31/05/2013;2.1282;1.42719;7.5;0.25;96.592;97.032
30/06/2013;2.4857;1.48875;7.5;0.25;96.563;97.002
31/07/2013;2.5762;1.5132;7.3;0.25;96.617;97.08
31/08/2013;2.7839;1.56718;7.2;0.25;96.636;96.983
30/09/2013;2.61;1.55527;7.2;0.25;96.675;97.257
31/10/2013;2.5542;1.52564;7.2;0.25;96.714;97.34
30/11/2013;2.7445;1.59358;6.9;0.25;96.743;97.448
31/12/2013;3.0282;1.65799;6.7;0.25;96.718;97.33
31/01/2014;2.644;1.54157;6.6;0.25;96.752;97.399
28/02/2014;2.6476;1.4823;6.7;0.25;96.786;97.458
31/03/2014;2.718;1.58184;6.7;0.25;96.786;97.305
30/04/2014;2.6459;1.69627;6.2;0.25;96.811;97.418
31/05/2014;2.4759;1.76652;6.3;0.25;96.815;97.531
30/06/2014;2.5304;1.7173;6.1;0.25;96.82;97.497
31/07/2014;2.5578;1.7742;6.2;0.25;96.815;97.33
31/08/2014;2.3431;1.69445;6.1;0.25;96.84;97.438
30/09/2014;2.4888;1.7063;5.9;0.25;96.883;97.315
31/10/2014;2.3353;1.58212;5.7;0.25;96.956;97.621
30/11/2014;2.164;1.51281;5.8;0.25;96.961;97.719
31/12/2014;2.1712;1.46971;5.6;0.25;96.913;97.507
31/01/2015;1.6407;1.35708;5.7;0.25;96.986;97.913
28/02/2015;1.993;1.39625;5.5;0.25;96.971;97.725
31/03/2015;1.9231;1.35951;5.4;0.25;97.054;97.933
30/04/2015;2.0317;1.33846;5.4;0.25;97.098;97.973
31/05/2015;2.1214;1.28468;5.6;0.25;97.132;97.997
30/06/2015;2.3531;1.28998;5.3;0.25;97.2;98.013
31/07/2015;2.1801;1.19378;5.2;0.25;97.21;98.092
31/08/2015;2.2179;1.22912;5.1;0.25;97.254;98.192
30/09/2015;2.0368;1.23435;5;0.25;97.347;98.46
31/10/2015;2.1421;1.15798;5;0.25;97.328;98.38
30/11/2015;2.206;1.15674;5.1;0.25;97.235;98.276
31/12/2015;2.2694;1.1287;5;0.5;97.107;98.136
31/01/2016;1.9209;1.33698;4.8;0.5;97.328;98.67
29/02/2016;1.7347;1.39435;4.9;0.5;97.274;98.749
31/03/2016;1.7687;1.38451;5;0.5;97.338;98.779
30/04/2016;1.8333;1.46755;5.1;0.5;97.318;98.705
31/05/2016;1.8458;1.49734;4.8;0.5;97.264;98.595
30/06/2016;1.4697;1.49841;4.9;0.5;97.504;98.984
31/07/2016;1.4531;1.58122;4.8;0.5;97.347;98.854
31/08/2016;1.58;1.69757;4.9;0.5;97.235;98.69
30/09/2016;1.5944;1.68393;5;0.5;97.274;98.754
31/10/2016;1.8255;1.8201;4.9;0.5;97.239;98.665
30/11/2016;2.3809;1.76196;4.7;0.5;97.181;98.355
31/12/2016;2.4443;1.82841;4.7;0.75;97.21;98.221
31/01/2017;2.4531;1.90202;4.7;0.75;97.185;98.235
28/02/2017;2.3899;1.9408;4.6;0.75;97.131;98.201
31/03/2017;2.3874;1.74657;4.4;1;97.131;98.221
30/04/2017;2.2802;1.73369;4.4;1;97.161;98.351
31/05/2017;2.2028;1.67158;4.4;1;97.235;98.476
30/06/2017;2.3037;1.69593;4.3;1.25;97.171;98.396
31/07/2017;2.2942;1.58483;4.3;1.25;97.195;98.461
31/08/2017;2.117;1.51987;4.4;1.25;97.23;98.576
30/09/2017;2.3336;1.53501;4.3;1.25;97.141;98.331
31/10/2017;2.3793;1.65079;4.2;1.25;97.082;98.26
30/11/2017;2.4097;1.67901;4.2;1.25;96.988;98.11
31/12/2017;2.4054;1.69551;4.1;1.5;96.959;98.03
31/01/2018;2.705;1.74899;4;1.5;96.786;97.734
28/02/2018;2.8606;1.76606;4.1;1.5;96.613;97.579
31/03/2018;2.7389;2.04724;4;1.75;96.603;97.629
30/04/2018;2.9531;1.97918;4;1.75;96.489;97.443
31/05/2018;2.8586;2.0767;3.8;1.75;96.543;97.559
30/06/2018;2.8601;2.0366;4;2;96.529;97.443
31/07/2018;2.9598;2.11041;3.8;2;96.489;97.348
31/08/2018;2.8604;2.00974;3.8;2;96.553;97.453
30/09/2018;3.0612;2.08936;3.7;2.25;96.514;97.252
31/10/2018;3.1435;1.96039;3.8;2.25;96.459;97.202
30/11/2018;2.9879;2.07125;3.8;2.25;96.509;97.403
31/12/2018;2.6842;2.08476;3.9;2.5;96.722;97.88
31/01/2019;2.6293;1.88302;4;2.5;96.782;97.905
28/02/2019;2.715;1.7345;3.8;2.5;96.802;97.855
31/03/2019;2.405;1.63195;3.8;2.5;96.926;98.161
30/04/2019;2.5018;1.73121;3.6;2.5;96.921;98.151
31/05/2019;2.1246;1.65248;3.6;2.5;97.135;98.627
30/06/2019;2.0051;1.75066;3.6;2.5;97.343;98.758
31/07/2019;2.0144;1.75831;3.7;2.25;97.11;98.582
31/08/2019;1.4961;1.83589;3.7;2.25;97.393;99.054
30/09/2019;1.6646;1.68634;3.5;2;97.323;98.838
31/10/2019;1.691;1.69038;3.6;1.75;97.383;98.853
30/11/2019;1.7758;1.52755;3.6;1.75;97.274;98.773
31/12/2019;1.9175;1.58816;3.6;1.75;97.214;98.672
31/01/2020;1.5068;1.68625;3.5;1.75;97.397;99.038
29/02/2020;1.1486;1.79755;3.5;1.75;97.862;99.454
31/03/2020;0.6695;1.61024;4.4;0.25;98.416;99.976
30/04/2020;0.6393;0.91178;14.7;0.25;98.48;100.021
31/05/2020;0.6526;0.93582;13.2;0.25;98.485;100.086
30/06/2020;0.6561;0.9384;11;0.25;98.505;100.101
31/07/2020;0.5282;1.13056;10.2;0.25;98.539;100.136
31/08/2020;0.7048;1.34675;8.4;0.25;98.51;100.081
30/09/2020;0.684;1.45987;7.9;0.25;98.505;100.061
31/10/2020;0.8737;1.35204;6.9;0.25;98.495;100.006
30/11/2020;0.8389;1.35437;6.7;0.25;98.49;100.046
31/12/2020;0.9132;1.46312;6.7;0.25;98.529;100.101
31/01/2021;1.0655;1.5698;6.4;0.25;98.539;100.106
28/02/2021;1.4049;1.56264;6.2;0.25;98.524;100.036
31/03/2021;1.7404;2.0452;6;0.25;98.529;99.991
30/04/2021;1.6259;3.12245;6;0.25;98.52;100.036
31/05/2021;1.5943;3.51714;5.8;0.25;98.594;100.091
30/06/2021;1.468;3.80182;5.9;0.25;98.569;99.94
31/07/2021;1.2223;3.86687;5.4;0.25;98.598;100.061
31/08/2021;1.3088;3.88198;5.2;0.25;98.598;100.041
30/09/2021;1.4873;3.91915;4.7;0.25;98.598;99.93
31/10/2021;1.5521;4.30813;4.6;0.25;98.485;99.498
30/11/2021;1.4443;4.81815;4.2;0.25;98.465;99.432
31/12/2021;1.5101;5.04361;3.9;0.25;98.342;99.387
31/01/2022;1.7767;5.20901;4;0.25;98.035;98.999
28/02/2022;1.825;5.41857;3.8;0.25;97.862;98.662
31/03/2022;2.338;5.36477;3.6;0.5;97.079;97.639
30/04/2022;2.9336;5.02987;3.6;0.5;96.503;97.246
31/05/2022;2.8441;4.88153;3.6;1;96.677;97.604
30/06/2022;3.0129;5.03541;3.6;1.75;96.26;97.532
31/07/2022;2.6487;4.7033;3.5;2.5;96.305;97.728
31/08/2022;3.1926;4.93405;3.7;2.5;95.885;96.888
30/09/2022;3.8286;5.20153;3.5;3.25;95.29;96.069
31/10/2022;4.0478;5.04839;3.7;3.25;94.745;95.843
30/11/2022;3.6054;4.68451;3.7;4;94.835;96.139
31/12/2022;3.8748;4.68451;3.7;4.5;94.835;95.97
